day,Susceptible,InfectiousX,InfectiousY,InfectiousXY,StayAtHomeX,StayAtHomeY,StayAtHomeXY,StayInHospitalX,StayInHospitalY,StayInHospitalXY,StayInICUX,StayInICUY,StayInICUXY,RecoveredX,RecoveredY,RecoveredXY,DeadX,DeadY,DeadXY
0.0,8999900.0,0.0,100.0,0.0,0.0,0.0,0.0,0.0,0.0,0.0,0.0,0.0,0.0,0.0,0.0,0.0,0.0,0.0,0.0
1.0,8999878.061174512,0.0,50.79146516282781,0.0,0.0,63.74093355241734,0.0,0.0,0.0258265838318261,0.0,0.0,0.0025535972573879286,0.0,0.0,7.3780154156003475,0.0,0.0,3.118336756169921E-5,0.0
2.0,8999853.883042417,0.0,34.052627974151825,0.0,0.0,89.02448005133814,0.0,0.0,0.0360709840441835,0.0,0.0,0.0035237708937146373,0.0,0.0,23.00015828377365,0.0,0.0,9.651958136315101E-5,0.0
3.0,8999828.206769815,0.0,28.82508274451684,0.0,0.0,100.82562880260247,0.0,0.0,0.04085257948921628,0.0,0.0,0.003945326542404821,0.0,0.0,42.097545265422596,0.0,0.0,1.7546445654870548E-4,0.0
4.0,8999801.264105428,0.0,27.69820813555146,0.0,0.0,107.9817406820629,0.0,0.0,0.04375209653524172,0.0,0.0,0.004183028885634282,0.0,0.0,63.00774966493112,0.0,0.0,2.6097801507142716E-4,0.0
5.0,8999773.1053411,0.0,28.052548691376327,0.0,0.0,113.62339305721541,0.0,0.0,0.04603798411009308,0.0,0.0,0.004364966857086084,0.0,0.0,85.16796346734705,0.0,0.0,3.5077405239339684E-4,0.0
6.0,8999743.715237513,0.0,28.963078219005663,0.0,0.0,118.86321091707023,0.0,0.0,0.04816105617193786,0.0,0.0,0.0045357575364715925,0.0,0.0,108.4053323540532,0.0,0.0,4.4423090690504097E-4,0.0
7.0,8999713.053962529,0.0,30.104055051544446,0.0,0.0,124.10041535877737,0.0,0.0,0.05028306932769006,0.0,0.0,0.004710682988876266,0.0,0.0,132.68603206445545,0.0,0.0,5.413032759594207E-4,0.0
8.0,8999681.071507923,0.0,31.36173141533721,0.0,0.0,129.48218153352252,0.0,0.0,0.05246365607986015,0.0,0.0,0.004894801095475913,0.0,0.0,158.02657858018475,0.0,0.0,6.421408830632409E-4,0.0
9.0,8999647.71272457,0.0,32.69739234907514,0.0,0.0,135.0668064120211,0.0,0.0,0.054726437224651966,0.0,0.0,0.005089676502633266,0.0,0.0,184.46251364692083,0.0,0.0,7.469564721287892E-4,0.0
10.0,8999612.919036932,0.0,34.09892266683903,0.0,0.0,140.88142334568167,0.0,0.0,0.057082406667171286,0.0,0.0,0.005295739026040922,0.0,0.0,212.03738298111057,0.0,0.0,8.559814576957419E-4,0.0
11.0,8999576.62898054,0.0,35.563681585782646,0.0,0.0,146.94242402367965,0.0,0.0,0.05953820600036354,0.0,0.0,0.0055131001743221435,0.0,0.0,240.79889313535958,0.0,0.0,9.694521614038211E-4,0.0
12.0,8999538.778320333,0.0,37.09244928893159,0.0,0.0,153.26269254327198,0.0,0.0,0.06209905560929904,0.0,0.0,0.005741827966389249,0.0,0.0,270.7976093990444,0.0,0.0,0.0010876065361802843,0.0
13.0,8999499.300017487,0.0,38.68728915107672,0.0,0.0,159.85417614238648,0.0,0.0,0.0647697962819101,0.0,0.0,0.005982033046183005,0.0,0.0,302.0865547575708,0.0,0.0,0.0012106843377646937,0.0
14.0,8999458.124139797,0.0,40.350794848400014,0.0,0.0,166.7288072858144,0.0,0.0,0.06755526282034147,0.0,0.0,0.00623389036893965,0.0,0.0,334.7211300424785,0.0,0.0,0.0013389283078953634,0.0
15.0,8999415.177748479,0.0,42.08582735787791,0.0,0.0,173.8988432598354,0.0,0.0,0.0704604216380732,0.0,0.0,0.006497639955896374,0.0,0.0,368.7591503117948,0.0,0.0,0.0014725855512873485,0.0
16.0,8999370.384773357,0.0,43.89542534110036,0.0,0.0,181.37700033937105,0.0,0.0,0.07349042512183725,0.0,0.0,0.006773581737599193,0.0,0.0,404.2609250887718,0.0,0.0,0.0016119088521438743,0.0
17.0,8999323.665880334,0.0,45.78277698734777,0.0,0.0,189.1765158985961,0.0,0.0,0.07665063679762495,0.0,0.0,0.007062069507290552,0.0,0.0,441.2893569811749,0.0,0.0,0.0017571578684358075,0.0
18.0,8999274.93833211,0.0,47.75121373990709,0.0,0.0,197.3111856557984,0.0,0.0,0.07994664642157928,0.0,0.0,0.00736350552760077,0.0,0.0,479.91004979223027,0.0,0.0,0.0019086002047900507,0.0
19.0,8999224.115843153,0.0,49.80421191576669,0.0,0.0,205.79539276681786,0.0,0.0,0.08338428176808863,0.0,0.0,0.007678336149995269,0.0,0.0,520.1914231051595,0.0,0.0,0.0020665123825839736,0.0
20.0,8999171.10842783,0.0,51.94539727754826,0.0,0.0,214.64413470469358,0.0,0.0,0.0869696195208973,0.0,0.0,0.008007048424941465,0.0,0.0,562.204832405762,0.0,0.0,0.002231180728618538,0.0
21.0,8999115.82224261,0.0,54.17855081677469,0.0,0.0,223.8730500528281,0.0,0.0,0.09070899612917079,0.0,0.0,0.008350167575626753,0.0,0.0,606.0246945483213,0.0,0.0,0.0024029022019120072,0.0
22.0,8999058.159421077,0.0,56.50761513959286,0.0,0.0,233.49844599258847,0.0,0.0,0.0946090189449382,0.0,0.0,0.008708255194778844,0.0,0.0,651.7286186382742,0.0,0.0,0.0025819851752637815,0.0
23.0,8998998.017902317,0.0,58.93670124665269,0.0,0.0,243.53732679121157,0.0,0.0,0.09867657776583515,0.0,0.0,0.009081908038610536,0.0,0.0,699.3975425054948,0.0,0.0,0.002768750185417743,0.0
24.0,8998935.29125189,0.0,61.47009564077465,0.0,0.0,254.00742342895234,0.0,0.0,0.10291885683944745,0.0,0.0,0.009471757312409896,0.0,0.0,749.1158749836817,0.0,0.0,0.0029635306632223757,0.0
25.0,8998869.86847519,0.0,64.1122677465022,0.0,0.0,264.92722444658585,0.0,0.0,0.10734334736211716,0.0,0.0,0.00987846836188794,0.0,0.0,800.9716442322497,0.0,0.0,0.0031666736531789754,0.0
26.0,8998801.63382289,0.0,66.86787764375612,0.0,0.0,276.3160080750906,0.0,0.0,0.11195786049726283,0.0,0.0,0.010302740701232016,0.0,0.0,855.056652351092,0.0,0.0,0.0033785405301477948,0.0
27.0,8998730.466588352,0.0,69.74178412450767,0.0,0.0,288.19387570375545,0.0,0.0,0.11677054093600796,0.0,0.0,0.010745308322720833,0.0,0.0,911.4666365501696,0.0,0.0,0.003599507719682671,0.0
28.0,8998656.240896316,0.0,72.73905308405438,0.0,0.0,300.58178674230203,0.0,0.0,0.12178988102262768,0.0,0.0,0.011206940244064269,0.0,0.0,970.3014371471023,0.0,0.0,0.003829967427429215,0.0
29.0,8998578.825482737,0.0,75.8649662597139,0.0,0.0,313.5015949336111,0.0,0.0,0.12702473546776347,0.0,0.0,0.011688441258764204,0.0,0.0,1031.6651726770074,0.0,0.0,0.004070328382200518,0.0
30.0,8998498.0834652,0.0,79.1250303305157,0.0,0.0,326.9760861754565,0.0,0.0,0.1324843366730476,0.0,0.0,0.012190652862149529,0.0,0.0,1095.6664224104272,0.0,0.0,0.0043210165966954895,0.0
31.0,8998413.87210403,0.0,82.52498639204363,0.0,0.0,341.0290179115836,0.0,0.0,0.1381783106916047,0.0,0.0,0.012714454331661554,0.0,0.0,1162.4184165869385,0.0,0.0,0.004582476149314838,0.0
32.0,8998326.042552875,0.0,86.07081982111751,0.0,0.0,355.68516015467554,0.0,0.0,0.14411669384975384,0.0,0.0,0.013260763944735573,0.0,0.0,1232.039234684408,0.0,0.0,0.004855169990131902,0.0
33.0,8998234.439599274,0.0,89.76877054553027,0.0,0.0,370.9703382059424,0.0,0.0,0.15030995005615694,0.0,0.0,0.013830540321469,0.0,0.0,1304.6520120565801,0.0,0.0,0.005139580773767841,0.0
34.0,8998138.901393985,0.0,93.62534373454399,0.0,0.0,386.91147713831054,0.0,0.0,0.15676898882553736,0.0,0.0,0.014424783882362567,0.0,0.0,1380.3851552843782,0.0,0.0,0.005436211721683117,0.0
35.0,8998039.259169167,0.0,97.647320926459,0.0,0.0,403.5366481127673,0.0,0.0,0.16350518404516284,0.0,0.0,0.015044538413937505,0.0,0.0,1459.372566601213,0.0,0.0,0.005745587516225876,0.0
36.0,8997935.336944604,0.0,101.84177161001497,0.0,0.0,420.8751165995347,0.0,0.0,0.1705303935131217,0.0,0.0,0.01569089273704656,0.0,0.0,1541.7538777649963,0.0,0.0,0.0060682552286416246,0.0
37.0,8997826.951221734,0.0,106.21606527699916,0.0,0.0,438.95739257843314,0.0,0.0,0.1778569792785339,0.0,0.0,0.016364982474353338,0.0,0.0,1627.674693765411,0.0,0.0,0.006404785283162861,0.0
38.0,8997713.910664968,0.0,110.77788396397328,0.0,0.0,457.81528279525327,0.0,0.0,0.18549782881481425,0.0,0.0,0.017067991914791,0.0,0.0,1717.2868467696237,0.0,0.0,0.006755772459236028,0.0
39.0,8997596.015769519,0.0,115.53523530159812,0.0,0.0,477.48194515353896,0.0,0.0,0.19346637705816264,0.0,0.0,0.01780115597390683,0.0,0.0,1810.7486607252847,0.0,0.0,0.007121836933908693,0.0
40.0,8997473.058515584,0.0,120.49646609060709,0.0,0.0,497.99194532383297,0.0,0.0,0.20177662934452475,0.0,0.0,0.0185657622498995,0.0,0.0,1908.2252270557992,0.0,0.0,0.007503625366387677,0.0
41.0,8997344.822007947,0.0,125.67027642406354,0.0,0.0,519.3813156550731,0.0,0.0,0.2104431852793461,0.0,0.0,0.0193631531758956,0.0,0.0,2009.8886918995715,0.0,0.0,0.007901812026781644,0.0
42.0,8997211.080100773,0.0,131.06573437611485,0.0,0.0,541.6876164755913,0.0,0.0,0.21948126357553746,0.0,0.0,0.020194728269629862,0.0,0.0,2115.9185553620378,0.0,0.0,0.008317099971060934,0.0
43.0,8997071.597006747,0.0,136.69229127804684,0.0,0.0,564.949999873895,0.0,0.0,0.22890672789620575,0.0,0.0,0.021061946482207505,0.0,0.0,2226.5019832671305,0.0,0.0,0.008750222264296512,0.0
44.0,8996926.126890106,0.0,142.559797603022,0.0,0.0,589.2092760522012,0.0,0.0,0.23873611373981257,0.0,0.0,0.021966328648062406,0.0,0.0,2341.8341319130454,0.0,0.0,0.009201943254280401,0.0
45.0,8996774.413442705,0.0,148.67851948147882,0.0,0.0,614.5079823485077,0.0,0.0,0.24898665640657522,0.0,0.0,0.022909460038593107,0.0,0.0,2462.118486356185,0.0,0.0,0.009673059897678186,0.0
46.0,8996616.189442707,0.0,155.0591558697491,0.0,0.0,640.8904550258519,0.0,0.0,0.25967632008606883,0.0,0.0,0.023892993022278056,0.0,0.0,2587.567212766356,0.0,0.0,0.010164403140919744,0.0
47.0,8996451.176295009,0.0,161.71285639502148,0.0,0.0,668.4029039301757,0.0,0.0,0.27082382810714367,0.0,0.0,0.024918649834345392,0.0,0.0,2718.40152541657,0.0,0.0,0.010676839358095524,0.0
48.0,8996279.083552932,0.0,168.6512399003569,0.0,0.0,697.0934901211672,0.0,0.0,0.28244869439242537,0.0,0.0,0.025988225459316335,0.0,0.0,2854.8520688911326,0.0,0.0,0.01121127184819443,0.0
49.0,8996099.60842009,0.0,175.88641371401232,0.0,0.0,727.0124065831988,0.0,0.0,0.2945712561608157,0.0,0.0,0.02710359062995437,0.0,0.0,2997.1593161169435,0.0,0.0,0.011768642394089455,0.0
50.0,8995912.435232064,0.0,183.43099366786578,0.0,0.0,758.2119621263674,0.0,0.0,0.30721270792255867,0.0,0.0,0.028266694946344397,0.0,0.0,3145.5739828446426,0.0,0.0,0.012349932885754748,0.0
51.0,8995717.234916449,0.0,191.29812489027043,0.0,0.0,790.7466685904164,0.0,0.0,0.32039513681256926,0.0,0.0,0.02947957011900027,0.0,0.0,3300.357459228492,0.0,0.0,0.012956167010277363,0.0
52.0,8995513.664431693,0.0,199.50150339915388,0.0,0.0,824.6733314670649,0.0,0.0,0.3341415593088342,0.0,0.0,0.03074433334005473,0.0,0.0,3461.782259176615,0.0,0.0,0.013588412011310686,0.0
53.0,8995301.366182368,0.0,208.05539852164418,0.0,0.0,860.0511440589639,0.0,0.0,0.3484759593837855,0.0,0.0,0.03206319078673194,0.0,0.0,3630.1324881667883,0.0,0.0,0.014247780520702774,0.0
54.0,8995079.967411144,0.0,216.97467616695903,0.0,0.0,896.9417852961217,0.0,0.0,0.3634233281376155,0.0,0.0,0.033438441261431945,0.0,0.0,3805.704330246583,0.0,0.0,0.014935432465123077,0.0
55.0,8994849.079565996,0.0,226.274822979667,0.0,0.0,935.4095213331543,0.0,0.0,0.3790097049634909,0.0,0.0,0.034872479972879226,0.0,0.0,3988.806554961332,0.0,0.0,0.015652577050602606,0.0
56.0,8994608.297642129,0.0,235.97197140080385,0.0,0.0,975.5213110531129,0.0,0.0,0.39526222029565505,0.0,0.0,0.03636780246289742,0.0,0.0,4179.761044978142,0.0,0.0,0.016400474827997842,0.0
57.0,8994357.199497016,0.0,246.08292566460622,0.0,0.0,1017.3469156059016,0.0,0.0,0.41220913999225894,0.0,0.0,0.03792700868347152,0.0,0.0,4378.903345199564,0.0,0.0,0.017180439842484966,0.0
58.0,8994095.34513849,0.0,256.625188758872,0.0,0.0,1060.959012111391,0.0,0.0,0.42987991140564585,0.0,0.0,0.039552807228850316,0.0,0.0,4586.583234186389,0.0,0.0,0.017993841870290305,0.0
59.0,8993822.275984,0.0,267.6169903771249,0.0,0.0,1106.4333116592322,0.0,0.0,0.4483052111935771,0.0,0.0,0.041248019727521776,0.0,0.0,4803.1653187350485,0.0,0.0,0.01884210874596359,0.0
60.0,8993537.514090687,0.0,279.0773158908421,0.0,0.0,1153.8486817390567,0.0,0.0,0.4675169949255594,0.0,0.0,0.04301558539896039,0.0,0.0,5029.029652482148,0.0,0.0,0.01972672878360222,0.0
61.0,8993240.56135469,0.0,291.02593637001365,0.0,0.0,1203.287273236129,0.0,0.0,0.48754854853900736,0.0,0.0,0.044858565780105365,0.0,0.0,5264.572379434717,0.0,0.0,0.020649253295539023,0.0
62.0,8992930.898678947,0.0,303.4834396801932,0.0,0.0,1254.834652128592,0.0,0.0,0.5084345417004084,0.0,0.0,0.04678014962656765,0.0,0.0,5510.206403352659,0.0,0.0,0.021611299212109917,0.0
63.0,8992607.985108143,0.0,316.47126268398756,0.0,0.0,1308.5799360233582,0.0,0.0,0.5302110831269959,0.0,0.0,0.048783657993597754,0.0,0.0,5766.362083936852,0.0,0.0,0.022614551806224015,0.0
64.0,8992271.256929932,0.0,330.0117245746087,0.0,0.0,1364.6159356678625,0.0,0.0,0.5529157779245528,0.0,0.0,0.05087254950185546,0.0,0.0,6033.487960803552,0.0,0.0,0.02366076752656359,0.0
65.0,8991920.126740888,0.0,344.1280613685358,0.0,0.0,1423.0393015746793,0.0,0.0,0.5765877869968565,0.0,0.0,0.053050425793010496,0.0,0.0,6312.051506252349,0.0,0.0,0.024751776943342157,0.0
66.0,8991553.982476272,0.0,358.8444615841372,0.0,0.0,1483.950675897147,0.0,0.0,0.6012678885827116,0.0,0.0,0.055321037180240624,0.0,0.0,6602.539907869944,0.0,0.0,0.025889487810686618,0.0
67.0,8991172.186402496,0.0,374.1861031312795,0.0,0.0,1547.4548496887487,0.0,0.0,0.626998541974395,0.0,0.0,0.05768828849849482,0.0,0.0,6905.460882019521,0.0,0.0,0.027075888249736266,0.0
68.0,8990774.074070351,0.0,390.1791914372436,0.0,0.0,1613.6609256828679,0.0,0.0,0.6538239534728357,0.0,0.0,0.06015624515952212,0.0,0.0,7221.343519318627,0.0,0.0,0.02831305005675644,0.0
69.0,8990358.953228857,0.0,406.85099883213684,0.0,0.0,1682.682486723023,0.0,0.0,0.6817901446322597,0.0,0.0,0.06272913941642169,0.0,0.0,7550.739163215562,0.0,0.0,0.029603132140592722,0.0
70.0,8989926.102697266,0.0,424.2299052158702,0.0,0.0,1754.6377699720215,0.0,0.0,0.7109450228463476,0.0,0.0,0.06541137684240286,0.0,0.0,7894.222322807824,0.0,0.0,0.030948384093919402,0.0
71.0,8989474.771194763,0.0,442.34544002703615,0.0,0.0,1829.649847024301,0.0,0.0,0.741338454326244,0.0,0.0,0.06820754302827711,0.0,0.0,8252.391621070421,0.0,0.0,0.032351149902828176,0.0
72.0,8989004.176126137,0.0,461.228325532024,0.0,0.0,1907.8468100406203,0.0,0.0,0.7730223395187068,0.0,0.0,0.0711224105030096,0.0,0.0,8625.870779685743,0.0,0.0,0.033813871799397245,0.0
73.0,8988513.50232214,0.0,480.9105214504097,0.0,0.0,1989.3619640183213,0.0,0.0,0.8060506910102659,0.0,0.0,0.07416094588142559,0.0,0.0,9015.309641690637,0.0,0.0,0.035339094261967394,0.0
74.0,8988001.900733123,0.0,501.4252709300191,0.0,0.0,2074.3340253031547,0.0,0.0,0.8404797139603489,0.0,0.0,0.07732831724288662,0.0,0.0,9421.385233177261,0.0,0.0,0.03692946816793579,0.0
75.0,8987468.487074833,0.0,522.8071478820418,0.0,0.0,2162.907326440246,0.0,0.0,0.8763678891028951,0.0,0.0,0.0806299017444329,0.0,0.0,9844.802865305728,0.0,0.0,0.03858775510395718,0.0
76.0,8986912.340424785,0.0,545.0921056831716,0.0,0.0,2255.2320274518815,0.0,0.0,0.9137760583520069,0.0,0.0,0.08407129347150369,0.0,0.0,10286.297277904268,0.0,0.0,0.04031683183850582,0.0
77.0,8986332.50176767,0.0,568.3175272478557,0.0,0.0,2351.464333618661,0.0,0.0,0.9527675130426172,0.0,0.0,0.087658311528916,0.0,0.0,10746.633825949653,0.0,0.0,0.04211969496182078,0.0
78.0,8985727.97248891,0.0,592.5222764693868,0.0,0.0,2451.7667198271383,0.0,0.0,0.9934080848317807,0.0,0.0,0.09139700837428029,0.0,0.0,11226.609710233979,0.0,0.0,0.04399946569829947,0.0
79.0,8985097.71281459,0.0,617.7467510237335,0.0,0.0,2556.30816153264,0.0,0.0,1.0357662392803137,0.0,0.0,0.09529367839546916,0.0,0.0,11727.055253536153,0.0,0.0,0.04595939489645202,0.0
80.0,8984440.640196592,0.0,644.0329365244711,0.0,0.0,2665.264372368793,0.0,0.0,1.079913172127536,0.0,0.0,0.09935486673310424,0.0,0.0,12248.83522362299,0.0,0.0,0.048002868201550454,0.0
81.0,8983755.627641493,0.0,671.424462011182,0.0,0.0,2778.8180484164604,0.0,0.0,1.1259229082642885,0.0,0.0,0.10358737834830835,0.0,0.0,12792.850204410774,0.0,0.0,0.050133411416124804,0.0
82.0,8983041.501982152,0.0,699.9666567468619,0.0,0.0,2897.1591191232087,0.0,0.0,1.1738724034006052,0.0,0.0,0.10799828733514512,0.0,0.0,13360.03801661784,0.0,0.0,0.05235469605344775,0.0
83.0,8982297.04209052,0.0,729.7066082924883,0.0,0.0,3020.485004840639,0.0,0.0,1.223841648414817,0.0,0.0,0.11259494647626857,0.0,0.0,13951.375189234157,0.0,0.0,0.05467054508913766,0.0
84.0,8981520.977030475,0.0,760.6932218185034,0.0,0.0,3149.0008809199207,0.0,0.0,1.2759137763599275,0.0,0.0,0.11738499703927252,0.0,0.0,14567.878483126045,0.0,0.0,0.057084938915959026,0.0
85.0,8980711.984149534,0.0,792.9772806039671,0.0,0.0,3282.9199482763415,0.0,0.0,1.3301751720910733,0.0,0.0,0.12237637881010821,0.0,0.0,15210.606468077896,0.0,0.0,0.05960202150684057,0.0
86.0,8979868.68710852,0.0,826.6115076639951,0.0,0.0,3422.4637103001414,0.0,0.0,1.3867155844644237,0.0,0.0,0.1275773403586712,0.0,0.0,15880.661154552809,0.0,0.0,0.062226106791040625,0.0
87.0,8978989.65384787,0.0,861.6506284351105,0.0,0.0,3567.862255954733,0.0,0.0,1.4456282410430414,0.0,0.0,0.13299644953027767,0.0,0.0,16579.18968142494,0.0,0.0,0.06496168524827117,0.0
88.0,8978073.394489862,0.0,898.1514344360434,0.0,0.0,3719.3545488624313,0.0,0.0,1.5070099652287854,0.0,0.0,0.1386426041552008,0.0,0.0,17307.386060901765,0.0,0.0,0.06781343072544556,0.0
89.0,8977118.359175758,0.0,936.1728478082298,0.0,0.0,3877.1887221334514,0.0,0.0,1.5709612957212882,0.0,0.0,0.14452504296675367,0.0,0.0,18066.49298180863,0.0,0.0,0.07078620748053198,0.0
90.0,8976122.93583741,0.0,975.775986625854,0.0,0.0,4041.6223786446462,0.0,0.0,1.637586608185027,0.0,0.0,0.15065335671654786,0.0,0.0,18857.803672356204,0.0,0.0,0.07388507745777748,0.0
91.0,8975085.447902322,0.0,1017.0242308494285,0.0,0.0,4212.922896420494,0.0,0.0,1.7069942389837667,0.0,0.0,0.15703749947349024,0.0,0.0,19682.663823445346,0.0,0.0,0.07711530779830343,0.0
92.0,8974004.151932312,0.0,1059.983288779835,0.0,0.0,4391.36773870984,0.0,0.0,1.7792966108176003,0.0,0.0,0.16368780009087697,0.0,0.0,20542.473573490464,0.0,0.0,0.08048237858977533,0.0
93.0,8972877.235194948,0.0,1104.721263850984,0.0,0.0,4577.244768286981,0.0,0.0,1.8546103600716353,0.0,0.0,0.17061497382347088,0.0,0.0,21438.689555653793,0.0,0.0,0.08399199085848456,0.0
94.0,8971702.813168125,0.0,1151.3087215790376,0.0,0.0,4770.8525654355035,0.0,0.0,1.933056465656825,0.0,0.0,0.17783013407378842,0.0,0.0,22372.827008282,0.0,0.0,0.08765007480678792,0.0
95.0,8970478.92697742,0.0,1199.8187564641921,0.0,0.0,4972.500748995737,0.0,0.0,2.014760379092156,0.0,0.0,0.18534480424391758,0.0,0.0,23346.461949221088,0.0,0.0,0.0914627982983669,0.0
96.0,8969203.540767457,0.0,1250.3270586173342,0.0,0.0,5182.510299773539,0.0,0.0,2.09985215554357,0.0,0.0,0.1931709296660166,0.0,0.0,24361.233414553004,0.0,0.0,0.095436575593251,0.0
97.0,8967874.539006967,0.0,1302.9119798581075,0.0,0.0,5401.2138855167495,0.0,0.0,2.188466585498126,0.0,0.0,0.2013208895812169,0.0,0.0,25418.84576214867,0.0,0.0,0.09957807633394619,0.0
98.0,8966489.72372916,0.0,1357.6545990034856,0.0,0.0,5628.9561865673995,0.0,0.0,2.2807433267118578,0.0,0.0,0.20980750913292917,0.0,0.0,26521.071040262643,0.0,0.0,0.10389423478333355,0.0
99.0,8965046.811708253,0.0,1414.6387860360583,0.0,0.0,5866.09422119052,0.0,0.0,2.376827036026725,0.0,0.0,0.2186440713365173,0.0,0.0,27669.75142120794,0.0,0.0,0.10839225931424992,0.0
100.0,8963543.431574391,0.0,1473.9512648093817,0.0,0.0,6112.997669465413,0.0,0.0,2.4768675006050214,0.0,0.0,0.2278443289829639,0.0,0.0,28866.80169993551,0.0,0.0,0.1130796421498184,0.0
101.0,8961977.120868066,0.0,1535.6816739134274,0.0,0.0,6370.049194500527,0.0,0.0,2.5810197680793987,0.0,0.0,0.23742251642944262,0.0,0.0,30114.211857110844,0.0,0.0,0.11796416935265451,0.0
102.0,8960345.32303755,0.0,1599.9226252864532,0.0,0.0,6637.644759598967,0.0,0.0,2.6894442750621237,0.0,0.0,0.247393361224672,0.0,0.0,31414.049686017355,0.0,0.0,0.1230539310600382,0.0
103.0,8958645.38438133,0.0,1666.769760120548,0.0,0.0,6916.193939857277,0.0,0.0,2.8023069733988493,0.0,0.0,0.2577720955114772,0.0,0.0,32768.4634823277,0.0,0.0,0.12835733196098778,0.0
104.0,8956874.550939452,0.0,1736.3218015660566,0.0,0.0,7206.1202265254915,0.0,0.0,2.9197794534893617,0.0,0.0,0.268574467143169,0.0,0.0,34179.68479546705,0.0,0.0,0.13388310200989922,0.0
105.0,8955029.965337995,0.0,1808.6806036957732,0.0,0.0,7507.861322290227,0.0,0.0,3.042039063930527,0.0,0.0,0.2798167504440921,0.0,0.0,35650.03123993989,0.0,0.0,0.13964030737002808,0.0
106.0,8953108.663590694,0.0,1883.951196142387,0.0,0.0,7821.86942546514,0.0,0.0,3.1692690266647725,0.0,0.0,0.2915157565380185,0.0,0.0,37181.909364607796,0.0,0.0,0.145638361578547,0.0
107.0,8951107.571863497,0.0,1962.2418237726056,0.0,0.0,8148.611500883683,0.0,0.0,3.301658546740477,0.0,0.0,0.3036888431609437,0.0,0.0,38777.81757748492,0.0,0.0,0.1518870369232453,0.0
108.0,8949023.503207793,0.0,2043.6639807082581,0.0,0.0,8488.569535086624,0.0,0.0,3.4394029157090347,0.0,0.0,0.31635392386723443,0.0,0.0,40440.34912315449,0.0,0.0,0.1583964760190981,0.0
109.0,8946853.154269205,0.0,2128.3324379489272,0.0,0.0,8842.240773182595,0.0,0.0,3.5827036075961423,0.0,0.0,0.32952947653002934,0.0,0.0,42172.195109410764,0.0,0.0,0.16517720357094456,0.0
110.0,8944593.101979459,0.0,2216.3652637916716,0.0,0.0,9210.137934531624,0.0,0.0,3.731768366292489,0.0,0.0,0.3432345510282146,0.0,0.0,43976.147579181365,0.0,0.0,0.17224013830633592,0.0
111.0,8942239.800239777,0.0,2307.8838361816106,0.0,0.0,9592.789404159845,0.0,0.0,3.8868112831113653,0.0,0.0,0.35748877600326706,0.0,0.0,45855.102623192695,0.0,0.0,0.17959660506026912,0.0
112.0,8939789.57660557,0.0,2403.0128460628985,0.0,0.0,9990.739396560233,0.0,0.0,4.048052863157432,0.0,0.0,0.37231236455966477,0.0,0.0,47812.063528197585,0.0,0.0,0.18725834699095875,0.0
113.0,8937238.628982337,0.0,2501.8802907317436,0.0,0.0,10404.548088263384,0.0,0.0,4.21572007904187,0.0,0.0,0.3877261187725489,0.0,0.0,49850.14395488926,0.0,0.0,0.19523753790305612,0.0
114.0,8934583.022345027,0.0,2604.617456123561,0.0,0.0,10834.791715282223,0.0,0.0,4.390046410365108,0.0,0.0,0.4037514328556954,0.0,0.0,51972.571138874235,0.0,0.0,0.2035467946517431,0.0
115.0,8931818.685493214,0.0,2711.358886893869,0.0,0.0,11282.062631237697,0.0,0.0,4.571271867268106,0.0,0.0,0.4204102948318413,0.0,0.0,54182.689107271064,0.0,0.0,0.2121991895979283,0.0
116.0,8928941.40785607,0.0,2822.242343077569,0.0,0.0,11746.969321664017,0.0,0.0,4.759642996228729,0.0,0.0,0.4377252865358361,0.0,0.0,56483.961902628624,0.0,0.0,0.22120826308134306,0.0
117.0,8925946.836362835,0.0,2937.4087420352257,0.0,0.0,12230.13636967115,0.0,0.0,4.95541286614866,0.0,0.0,0.45571958176908584,0.0,0.0,58879.97680493083,0.0,0.0,0.23058803587463556,0.0
118.0,8922830.472395388,0.0,3057.0020843162833,0.0,0.0,12732.204367807512,0.0,0.0,5.158841032642078,0.0,0.0,0.4744169424113208,0.0,0.0,61374.4475414545,0.0,0.0,0.2403530215776367,0.0
119.0,8919587.668840725,0.0,3181.1693619903294,0.0,0.0,13253.829770623684,0.0,0.0,5.370193478297168,0.0,0.0,0.49384171228287754,0.0,0.0,63971.21747318367,0.0,0.0,0.25051823890674496,0.0
120.0,8916213.627264071,0.0,3310.0604479173976,0.0,0.0,13795.684682081213,0.0,0.0,5.589742526538468,0.0,0.0,0.5140188085374814,0.0,0.0,66674.26274534738,0.0,0.0,0.2610992238299187,0.0
121.0,8912703.39522313,0.0,3443.8279643487695,0.0,0.0,14358.456571591203,0.0,0.0,5.817766726571116,0.0,0.0,0.5349737103520709,0.0,0.0,69487.69538844487,0.0,0.0,0.2721120414929784,0.0
122.0,8909051.863747442,0.0,3582.6271291705084,0.0,0.0,14942.847912095871,0.0,0.0,6.054550706738677,0.0,0.0,0.5567324446664726,0.0,0.0,72415.76635483706,0.0,0.0,0.2835732978779006,0.0
123.0,8905253.765007358,0.0,3726.615578024803,0.0,0.0,15549.575733235806,0.0,0.0,6.3003849934750855,0.0,0.0,0.5793215687119567,0.0,0.0,75462.86847463853,0.0,0.0,0.29550015112842215,0.0
124.0,8901303.670199761,0.0,3875.9531604691824,0.0,0.0,16179.371082269805,0.0,0.0,6.55556579288,0.0,0.0,0.6027681490537915,0.0,0.0,78633.53931320416,0.0,0.0,0.3079103224726808,0.0
125.0,8897195.98767907,0.0,4030.801708262851,0.0,0.0,16832.978385042803,0.0,0.0,6.820394731795348,0.0,0.0,0.6270997368592302,0.0,0.0,81932.46391101398,0.0,0.0,0.32082210666666583,0.0
126.0,8892924.961364785,0.0,4191.324773803151,0.0,0.0,17511.154698929004,0.0,0.0,7.095178555112539,0.0,0.0,0.6523443390887756,0.0,0.0,85364.4773851731,0.0,0.0,0.33425438187607764,0.0
127.0,8888484.669458078,0.0,4357.687336675725,0.0,0.0,18214.668849320835,0.0,0.0,7.380228775894603,0.0,0.0,0.6785303852954688,0.0,0.0,88934.56737010041,0.0,0.0,0.3482266189076946,0.0
128.0,8883869.023502728,0.0,4530.055476230091,0.0,0.0,18944.30044089039,0.0,0.0,7.67586127475848,0.0,0.0,0.7056866897044197,0.0,0.0,92647.87627325642,0.0,0.0,0.36275888969460446,0.0
129.0,8879071.767827269,0.0,4708.596008050694,0.0,0.0,19700.838734526114,0.0,0.0,7.982395844831912,0.0,0.0,0.7338424082329751,0.0,0.0,96509.7033199766,0.0,0.0,0.377871874932637,0.0
130.0,8874086.479408052,0.0,4893.4760821631235,0.0,0.0,20485.081380551608,0.0,0.0,8.30015567847812,0.0,0.0,0.7630269901012485,0.0,0.0,100525.50635962572,0.0,0.0,0.39358687075809795,0.0
131.0,8868906.56819447,0.0,5084.86274079929,0.0,0.0,21297.832998566588,0.0,0.0,8.629466791875203,0.0,0.0,0.793270123673249,0.0,0.0,104700.90340338594,0.0,0.0,0.40992579434944465,0.0
132.0,8863525.277940068,0.0,5282.922433544967,0.0,0.0,22139.903594027954,0.0,0.0,8.970657383445625,0.0,0.0,0.8246016761609835,0.0,0.0,109041.67386203846,0.0,0.0,0.42691118832789865,0.0
133.0,8857935.687585643,0.0,5487.820487711892,0.0,0.0,23012.106801513106,0.0,0.0,9.324057122060672,0.0,0.0,0.8570516268179377,0.0,0.0,113553.75945010054,0.0,0.0,0.4445662238242089,0.0
134.0,8852130.713241946,0.0,5699.720531817295,0.0,0.0,23915.25794449127,0.0,0.0,9.689996360897707,0.0,0.0,0.8906499932446396,0.0,0.0,118243.26472066063,0.0,0.0,0.4629147020708912,0.0
135.0,8846103.11082222,0.0,5918.78387011759,0.0,0.0,24850.171901381607,0.0,0.0,10.068805272808556,0.0,0.0,0.9254267504279436,0.0,0.0,123116.45719321276,0.0,0.0,0.4819810543713246,0.0
136.0,8839845.47937634,0.0,6145.168806235796,0.0,0.0,25817.66076770808,0.0,0.0,10.460812903070064,0.0,0.0,0.9614117421376859,0.0,0.0,128179.76703475234,0.0,0.0,0.5017903402891595,0.0
137.0,8833350.265180338,0.0,6379.0299140448105,0.0,0.0,26818.53130428555,0.0,0.0,10.866346135438999,0.0,0.0,0.9986345843098672,0.0,0.0,133439.78625236414,0.0,0.0,0.5223682438936459,0.0
138.0,8826609.76663649,0.0,6620.5172541261745,0.0,0.0,27853.582161601076,0.0,0.0,11.285728567525284,0.0,0.0,1.0371245600550991,0.0,0.0,138903.26735354887,0.0,0.0,0.5437410678887744,0.0
139.0,8819616.140040634,0.0,6869.775534318251,0.0,0.0,28923.600870898874,0.0,0.0,11.719279291638472,0.0,0.0,1.0769105059450632,0.0,0.0,144577.12142859647,0.0,0.0,0.565935725446705,0.0
140.0,8812361.406274451,0.0,7126.943213104392,0.0,0.0,30029.360592960584,0.0,0.0,12.167311577456795,0.0,0.0,1.1180206892488513,0.0,0.0,150468.41560746424,0.0,0.0,0.588979729558826,0.0
141.0,8804837.458481727,0.0,7392.151544872898,0.0,0.0,31171.616616197392,0.0,0.0,12.630131453122317,0.0,0.0,1.1604826758158635,0.0,0.0,156584.36984187737,0.0,0.0,0.6129011797111878,0.0
142.0,8797036.070787216,0.0,7665.52356640968,0.0,0.0,32351.102596462973,0.0,0.0,13.10803618168645,0.0,0.0,1.2043231883327894,0.0,0.0,162932.3529617703,0.0,0.0,0.6377287456849277,0.0
143.0,8788948.908117646,0.0,7947.173024366937,0.0,0.0,33568.52653196655,0.0,0.0,13.601312630223235,0.0,0.0,1.249567954720158,0.0,0.0,169519.8779537611,0.0,0.0,0.6634916482770522,0.0
144.0,8780567.537183395,0.0,8237.203243887665,0.0,0.0,34824.566467832134,0.0,0.0,14.11023552940038,0.0,0.0,1.2962415464789416,0.0,0.0,176354.59640814504,0.0,0.0,0.6902196367324084,0.0
145.0,8771883.438678952,0.0,8535.70593906194,0.0,0.0,36119.86592622725,0.0,0.0,14.635065621856603,0.0,0.0,1.3443672068510757,0.0,0.0,183444.29207993386,0.0,0.0,0.7179429626742707,0.0
146.0,8762888.020758402,0.0,8842.759966447544,0.0,0.0,37455.02905959246,0.0,0.0,15.176047698384574,0.0,0.0,1.393966668719536,0.0,0.0,190796.8735088109,0.0,0.0,0.7466923503187556,0.0
147.0,8753572.633840116,0.0,9158.43002350748,0.0,0.0,38830.61552635061,0.0,0.0,15.733408521668407,0.0,0.0,1.4450599622446043,0.0,0.0,198420.3656425548,0.0,0.0,0.7764989627573928,0.0
148.0,8743928.58679209,0.0,9482.765294502664,0.0,0.0,40247.13509058286,0.0,0.0,16.307354638177383,0.0,0.0,1.4976652123136949,0.0,0.0,206322.90040857834,0.0,0.0,0.807394364093026,0.0
149.0,8733947.164545577,0.0,9815.798047129254,0.0,0.0,41705.04194953386,0.0,0.0,16.89807007978175,0.0,0.0,1.5517984259729463,0.0,0.0,214512.70617873626,0.0,0.0,0.8394104772166577,0.0
150.0,8723619.647180105,0.0,10157.542184006657,0.0,0.0,43204.7287954687,0.0,0.0,17.50571395773292,0.0,0.0,1.6074732701101886,0.0,0.0,222998.09607361784,0.0,0.0,0.8725795370175674,0.0
151.0,8712937.330517692,0.0,10507.991754005458,0.0,0.0,44746.52062134914,0.0,0.0,18.13041795284437,0.0,0.0,1.664700839771133,0.0,0.0,231787.45505410954,0.0,0.0,0.9069340388257197,0.0
152.0,8701891.548257578,0.0,10867.11942934754,0.0,0.0,46330.668283041596,0.0,0.0,18.772283707023316,0.0,0.0,1.7234894176138784,0.0,0.0,240889.22575023636,0.0,0.0,0.9425066818948763,0.0
153.0,8690473.695675453,0.0,11234.874955416313,0.0,0.0,47957.341834305975,0.0,0.0,19.43138012273853,0.0,0.0,1.7838442251410855,0.0,0.0,250311.89298016822,0.0,0.0,0.9793303077467582,0.0
154.0,8678675.254902573,0.0,11611.183581269728,0.0,0.0,49626.6236546481,0.0,0.0,20.107740578560207,0.0,0.0,1.8457671664943294,0.0,0.0,260063.9669159283,0.0,0.0,1.017437833211554,0.0
155.0,8666487.82179025,0.0,11995.944479954178,0.0,0.0,51338.50139424018,0.0,0.0,20.80136007057871,0.0,0.0,1.909256565750952,0.0,0.0,270153.96485672786,0.0,0.0,1.0568621780181722,0.0
156.0,8653903.134355117,0.0,12389.029168857825,0.0,0.0,53092.86076449597,0.0,0.0,21.512192291286695,0.0,0.0,1.9743068988292793,0.0,0.0,280590.3915761496,0.0,0.0,1.0976361868090847,0.0
157.0,8640913.10278764,0.0,12790.279941510957,0.0,0.0,54889.47820754543,0.0,0.0,22.240146659392686,0.0,0.0,2.040908521283192,0.0,0.0,291381.7182155718,0.0,0.0,1.1397925454796571,0.0
158.0,8627509.840994142,0.0,13199.508323421083,0.0,0.0,56728.01348270604,0.0,0.0,22.985085316004174,0.0,0.0,2.109047393449855,0.0,0.0,302536.35970332834,0.0,0.0,1.1833636917706851,0.0
159.0,8613685.699627303,0.0,13616.4935657127,0.0,0.0,58608.0022131185,0.0,0.0,23.746820104669606,0.0,0.0,2.1787048046042288,0.0,0.0,314062.650687267,0.0,0.0,1.2283817200755467,0.0
160.0,8599433.300545195,0.0,14040.98119149957,0.0,0.0,60528.84844091013,0.0,0.0,24.525109554875296,0.0,0.0,2.249857097968683,0.0,0.0,325968.81997746025,0.0,0.0,1.2748782804601475,0.0
161.0,8584745.572622621,0.0,14472.681611040909,0.0,0.0,62489.81724454791,0.0,0.0,25.319655890741245,0.0,0.0,2.3224753986234887,0.0,0.0,338262.96350604936,0.0,0.0,1.322884471934773,0.0
162.0,8569615.788819252,0.0,14911.26882278905,0.0,0.0,64490.0274773672,0.0,0.0,26.130102088814322,0.0,0.0,2.396525346562377,0.0,0.0,350953.0158224648,0.0,0.0,1.3724307300619105,0.0
163.0,8554037.60439298,0.0,15356.379218411992,0.0,0.0,66528.44469154322,0.0,0.0,26.95602901099949,0.0,0.0,2.4719668373328023,0.0,0.0,364046.7201545564,0.0,0.0,1.4235467090333611,0.0
164.0,8538005.09612527,0.0,15807.610510731838,0.0,0.0,68603.87431692933,0.0,0.0,27.79695264075794,0.0,0.0,2.5487537728910192,0.0,0.0,377551.5970795583,0.0,0.0,1.4762611584031855,0.0
165.0,8521512.802406456,0.0,16264.520804241127,0.0,0.0,70714.95516912232,0.0,0.0,28.652321452701838,0.0,0.0,2.6268338254835584,0.0,0.0,391474.9118631805,0.0,0.0,1.530601794720156,0.0
166.0,8504555.764008144,0.0,16726.627828407138,0.0,0.0,72860.15336573453,0.0,0.0,29.521513947586282,0.0,0.0,2.7061482175346825,0.0,0.0,405823.6405404417,0.0,0.0,1.586595168364305,0.0
167.0,8487129.565349191,0.0,17193.408354324292,0.0,0.0,75037.75673403878,0.0,0.0,30.403836386396012,0.0,0.0,2.7866315206711616,0.0,0.0,420604.4348280848,0.0,0.0,1.6442665259562004,0.0
168.0,8469230.376040574,0.0,17664.29781539021,0.0,0.0,77245.8697967918,0.0,0.0,31.298520758698746,0.0,0.0,2.8682114771452216,0.0,0.0,435823.5859753918,0.0,0.0,1.7036396687749011,0.0
169.0,8450854.992474895,0.0,18138.690152541545,0.0,0.0,79482.40942600931,0.0,0.0,32.20472302163987,0.0,0.0,2.9508088470200056,0.0,0.0,451486.9876779081,0.0,0.0,1.7647368076900938,0.0
170.0,8432000.879205167,0.0,18615.937904148406,0.0,0.0,81745.10125663338,0.0,0.0,33.12152164683017,0.0,0.0,3.034337284554477,0.0,0.0,467600.0981967406,0.0,0.0,1.8275784151852976,0.0
171.0,8412666.209839437,0.0,19095.352559918763,0.0,0.0,84031.47695326635,0.0,0.0,34.04791651287936,0.0,0.0,3.118703247260997,0.0,0.0,484167.9018445835,0.0,0.0,1.8921830751218367,0.0
172.0,8392849.907159813,0.0,19576.205197072744,0.0,0.0,86338.87242331918,0.0,0.0,34.98282818139906,0.0,0.0,3.2038059411044415,0.0,0.0,501194.8700183772,0.0,0.0,1.9585673309660527,0.0
173.0,8372551.6821581535,0.0,20057.72741559258,0.0,0.0,88664.42706891085,0.0,0.0,35.92509759388691,0.0,0.0,3.289537305261838,0.0,0.0,518684.9219769624,0.0,0.0,2.0267455332747835,0.0
174.0,8351772.071666593,0.0,20539.11258752791,0.0,0.0,91005.08416753309,0.0,0.0,36.8734862259645,0.0,0.0,3.3757820397615235,0.0,0.0,536641.3855804347,0.0,0.0,2.0967296873048515,0.0
175.0,8330512.474249939,0.0,21019.517433120236,0.0,0.0,93357.59246775505,0.0,0.0,37.82667673392562,0.0,0.0,3.462417679167278,0.0,0.0,555066.9582255173,0.0,0.0,2.1685293016806315,0.0
176.0,8308775.184017058,0.0,21498.063933907866,0.0,0.0,95718.50908099722,0.0,0.0,38.78327412642706,0.0,0.0,3.549314715261496,0.0,0.0,573963.6682279969,0.0,0.0,2.2421512391179643,0.0
177.0,8286563.422003811,0.0,21973.841589989654,0.0,0.0,98084.20374356622,0.0,0.0,39.74180749138167,0.0,0.0,3.636336771410678,0.0,0.0,593332.8369188448,0.0,0.0,2.3175995702621504,0.0
178.0,8263881.364776928,0.0,22445.910025270205,0.0,0.0,100450.86451466708,0.0,0.0,40.70073230468197,0.0,0.0,3.723340830963466,0.0,0.0,613175.0417346153,0.0,0.0,2.3948754317506125,0.0
179.0,8240734.169910584,0.0,22913.301940814097,0.0,0.0,102814.50496596703,0.0,0.0,41.658433343271234,0.0,0.0,3.810177521636264,0.0,0.0,633490.0805949331,0.0,0.0,2.473976889656089,0.0
180.0,8217127.997992936,0.0,23375.02641242481,0.0,0.0,105170.97290648163,0.0,0.0,42.61322822029727,0.0,0.0,3.896691457384105,0.0,0.0,654276.937869736,0.0,0.0,2.5548988095028284,0.0
181.0,8193070.0308302725,0.0,23830.072524288596,0.0,0.0,107515.96067312242,0.0,0.0,43.56337155464221,0.0,0.0,3.9827216387367,0.0,0.0,675533.7522464811,0.0,0.0,2.637632734074038,0.0
182.0,8168568.485531286,0.0,24277.413326030353,0.0,0.0,109845.0170022752,0.0,0.0,44.50705978105391,0.0,0.0,4.068101912004941,0.0,0.0,697257.7868120411,0.0,0.0,2.722166770243767,0.0
183.0,8143632.624173773,0.0,24716.010095885682,0.0,0.0,112153.56048135794,0.0,0.0,45.44243660045558,0.0,0.0,4.15266148713588,0.0,0.0,719445.4016655013,0.0,0.0,2.8084854860682698,0.0
184.0,8118272.75877994,0.0,25144.816887970785,0.0,0.0,114436.89456162907,0.0,0.0,46.36759906284241,0.0,0.0,4.236225513320894,0.0,0.0,742092.0293761365,0.0,0.0,2.896569819360324,0.0
185.0,8092500.251356257,0.0,25562.785336909805,0.0,0.0,116690.22409473825,0.0,0.0,47.2806042675702,0.0,0.0,4.318615710749713,0.0,0.0,765192.1535951843,0.0,0.0,2.9863969989437082,0.0
186.0,8066327.508786884,0.0,25968.869688446324,0.0,0.0,118908.67333590711,0.0,0.0,48.17947665789348,0.0,0.0,4.399651056162261,0.0,0.0,788739.2911206358,0.0,0.0,3.07794047974356,0.0
187.0,8039767.972408286,0.0,26362.032020211656,0.0,0.0,121087.30533643602,0.0,0.0,49.06221587843034,0.0,0.0,4.47914851909071,0.0,0.0,812725.9777008449,0.0,0.0,3.171169892811205,0.0
188.0,8012836.102134375,0.0,26741.247612643725,0.0,0.0,123221.14262779699,0.0,0.0,49.92680515595462,0.0,0.0,4.5569238449177565,0.0,0.0,837143.7578452263,0.0,0.0,3.266051011308571,0.0
189.0,7985547.355047568,0.0,27105.51042624216,0.0,0.0,125305.18907921012,0.0,0.0,50.77122015565936,0.0,0.0,4.632792380118421,0.0,0.0,861983.1788887638,0.0,0.0,3.3625457333880333,0.0
190.0,7957918.158419661,0.0,27453.83863799989,0.0,0.0,127334.45279069165,0.0,0.0,51.59343825697356,0.0,0.0,4.7065699343132374,0.0,0.0,887233.7895314409,0.0,0.0,3.4606120827986087,0.0
191.0,7929965.877178253,0.0,27785.280187060685,0.0,0.0,129303.96986447206,0.0,0.0,52.39144818527772,0.0,0.0,4.778073673057066,0.0,0.0,912884.1430442075,0.0,0.0,3.560204227928737,0.0
192.0,7901708.775887406,0.0,28098.918277495628,0.0,0.0,131208.8288798202,0.0,0.0,53.16325992862532,0.0,0.0,4.847123034633459,0.0,0.0,938921.8052998644,0.0,0.0,3.6612725198618827,0.0
193.0,7873165.975365696,0.0,28393.87678464372,0.0,0.0,133044.19588005016,0.0,0.0,53.9069148619912,0.0,0.0,4.9135406635348575,0.0,0.0,965333.3677506201,0.0,0.0,3.7637635498730715,0.0
194.0,7844357.4041190855,0.0,28669.32551078044,0.0,0.0,134805.33966621943,0.0,0.0,54.62049599578478,0.0,0.0,4.977153352797533,0.0,0.0,992104.4654344223,0.0,0.0,3.867620226635505,0.0
195.0,7815303.744821031,0.0,28924.48523600941,0.0,0.0,136487.65718009518,0.0,0.0,55.30213826053341,0.0,0.0,5.037792986940814,0.0,0.0,1019219.800049824,0.0,0.0,3.9727818732373037,0.0
196.0,7786026.376123839,0.0,29158.632511246356,0.0,0.0,138086.69874971805,0.0,0.0,55.95003873589273,0.0,0.0,5.095297476943989,0.0,0.0,1046663.1680947195,0.0,0.0,4.0791843439316215,0.0
197.0,7756547.310136596,0.0,29371.10414198955,0.0,0.0,139598.19296459263,0.0,0.0,56.562466729588174,0.0,0.0,5.149511678492739,0.0,0.0,1074417.4940183277,0.0,0.0,4.186760160361296,0.0
198.0,7726889.125952058,0.0,29561.301314239165,0.0,0.0,141018.07094442268,0.0,0.0,57.13777361063468,0.0,0.0,5.200288284647252,0.0,0.0,1102464.8682888048,0.0,0.0,4.2954386668138325,0.0
199.0,7697074.899648167,0.0,29728.69331741154,0.0,0.0,142342.4897655704,0.0,0.0,57.67440230128131,0.0,0.0,5.247488684132728,0.0,0.0,1130786.5902317378,0.0,0.0,4.405146203877048,0.0
200.0,7667128.1312293615,0.0,29872.82082334634,0.0,0.0,143567.85481315336,0.0,0.0,58.17089633364384,0.0,0.0,5.290983776633203,0.0,0.0,1159363.2154478112,0.0,0.0,4.515806299682719,0.0
201.0,7637072.6690053325,0.0,29993.298685456564,0.0,0.0,144690.8408339226,0.0,0.0,58.62590837992189,0.0,0.0,5.330654736782271,0.0,0.0,1188174.60757238,0.0,0.0,4.627339877747413,0.0
202.0,7606932.631933688,0.0,30089.818227640382,0.0,0.0,145708.41147578706,0.0,0.0,59.03820816943305,0.0,0.0,5.366393718986395,0.0,0.0,1217199.994095616,0.0,0.0,4.739665480249813,0.0
203.0,7576732.330473333,0.0,30162.14899866445,0.0,0.0,146617.83711391565,0.0,0.0,59.406689711402024,0.0,0.0,5.39810449578393,0.0,0.0,1246418.0259204875,0.0,0.0,4.852699505424366,0.0
204.0,7546496.186510525,0.0,30210.139974221867,0.0,0.0,147416.71078058903,0.0,0.0,59.730377749425884,0.0,0.0,5.42570302312738,0.0,0.0,1275806.8402975383,0.0,0.0,4.966356457604799,0.0
205.0,7516248.652927065,0.0,30233.72019564973,0.0,0.0,148102.96203611078,0.0,0.0,60.00843338169638,0.0,0.0,5.449117926766311,0.0,0.0,1305344.126740777,0.0,0.0,5.080549208320412,0.0
206.0,7486014.1333802985,0.0,30232.898841228194,0.0,0.0,148674.86864081322,0.0,0.0,60.24015879027049,0.0,0.0,5.468290904792469,0.0,0.0,1335007.1954988155,0.0,0.0,5.195189266734849,0.0
207.0,7455816.902859202,0.0,30207.76473294632,0.0,0.0,149131.06591311382,0.0,0.0,60.425001032771256,0.0,0.0,5.483177042369882,0.0,0.0,1364773.048129722,0.0,0.0,5.31018705762327,0.0
208.0,7425681.029566434,0.0,30158.48528847641,0.0,0.0,149470.55368523905,0.0,0.0,60.56255486071224,0.0,0.0,5.493745035695329,0.0,0.0,1394618.4497078694,0.0,0.0,5.425452205010904,0.0
209.0,7395630.29865756,0.0,30085.304934722746,0.0,0.0,149692.70079619825,0.0,0.0,60.652564539962746,0.0,0.0,5.4999773232995555,0.0,0.0,1424520.0021759653,0.0,0.0,5.5408938195452295,0.0
210.0,7365688.138342243,0.0,29988.54300558102,0.0,0.0,149797.24709031708,0.0,0.0,60.69492466051449,0.0,0.0,5.501870123888145,0.0,0.0,1454454.2183464386,0.0,0.0,5.656420787645632,0.0
211.0,7335877.548821005,0.0,29868.591152351615,0.0,0.0,149784.30291865245,0.0,0.0,60.689679934464664,0.0,0.0,5.499433381013172,0.0,0.0,1484397.5960527686,0.0,0.0,5.771942060468803,0.0
212.0,7306221.034494977,0.0,29725.910300498108,0.0,0.0,149654.34616936167,0.0,0.0,60.637023992780215,0.0,0.0,5.492690615943527,0.0,0.0,1514326.691953757,0.0,0.0,5.887366940746147,0.0
213.0,7276740.539844993,0.0,29561.02719104657,0.0,0.0,149408.21688112128,0.0,0.0,60.53729720275802,0.0,0.0,5.481678691143947,0.0,0.0,1544218.1945017437,0.0,0.0,6.002605365588568,0.0
214.0,7247457.389332373,0.0,29374.530548820265,0.0,0.0,149047.10952045064,0.0,0.0,60.39098353894916,0.0,0.0,5.466447487762466,0.0,0.0,1574048.9955993118,0.0,0.0,6.11756818341559,0.0
215.0,7218392.231627244,0.0,29167.06692284983,0.0,0.0,148572.5630289377,0.0,0.0,60.19870655048813,0.0,0.0,5.447059501447835,0.0,0.0,1603796.2604876673,0.0,0.0,6.232167423246714,0.0
216.0,7189564.98842026,0.0,28939.336246659397,0.0,0.0,147986.44876939742,0.0,0.0,59.96122447711054,0.0,0.0,5.4235893616565,0.0,0.0,1633437.4954334672,0.0,0.0,6.346316554692633,0.0
217.0,7160994.808024514,0.0,28692.087167699505,0.0,0.0,147290.9565206386,0.0,0.0,59.679424574506555,0.0,0.0,5.39612328035205,0.0,0.0,1662950.612808728,0.0,0.0,6.4599307371003665,0.0
218.0,7132700.023923268,0.0,28426.112195979553,0.0,0.0,146488.5786884873,0.0,0.0,59.35431671693459,0.0,0.0,5.364758436638435,0.0,0.0,1692313.9931902247,0.0,0.0,6.572927056437071,0.0
219.0,7104698.118369194,0.0,28142.242721973962,0.0,0.0,145582.09291575276,0.0,0.0,58.98702635111921,0.0,0.0,5.329602304393482,0.0,0.0,1721506.5441398472,0.0,0.0,6.6852247486405485,0.0
220.0,7077005.69109179,0.0,27841.343953173582,0.0,0.0,144574.54328584808,0.0,0.0,58.57878688032359,0.0,0.0,5.290771930378395,0.0,0.0,1750507.7553651272,0.0,0.0,6.796745408317178,0.0
221.0,7049638.433122253,0.0,27524.30981727986,0.0,0.0,143469.22032363428,0.0,0.0,58.130931561082214,0.0,0.0,5.248393170587619,0.0,0.0,1779297.7499990624,0.0,0.0,6.907413181828308,0.0
222.0,7022611.105699821,0.0,27192.057878056232,0.0,0.0,142269.6400028119,0.0,0.0,57.64488499740484,0.0,0.0,5.202599892773977,0.0,0.0,1807857.331779617,0.0,0.0,7.0171549439713,0.0
223.0,6995937.524181586,0.0,26845.524307331114,0.0,0.0,140979.52197180895,0.0,0.0,57.12215431833118,0.0,0.0,5.153533153138627,0.0,0.0,1836168.0279514838,0.0,0.0,7.125900457628475,0.0
224.0,6969630.546838652,0.0,26485.65895366851,0.0,0.0,139602.7672097853,0.0,0.0,56.56432012457839,0.0,0.0,5.101340355117427,0.0,0.0,1864212.127755052,0.0,0.0,7.233582515925167,0.0
225.0,6943702.068385838,0.0,26113.420544862158,0.0,0.0,138143.4353212018,0.0,0.0,55.973027288743815,0.0,0.0,5.046174398034763,0.0,0.0,1891972.7164095147,0.0,0.0,7.340137066602514,0.0
226.0,6918163.018060643,0.0,25729.772057760103,0.0,0.0,136605.72167163796,0.0,0.0,55.349975691183765,0.0,0.0,4.988192823138245,0.0,0.0,1919433.7045382978,0.0,0.0,7.445503318471566,0.0
227.0,6893023.362039359,0.0,25335.676285059122,0.0,0.0,134993.93455938628,0.0,0.0,54.69691097038865,0.0,0.0,4.927556964184494,0.0,0.0,1946579.8530246052,0.0,0.0,7.549623829969831,0.0
228.0,6868292.109954482,0.0,24932.091624714278,0.0,0.0,133312.47260711997,0.0,0.0,54.01561536252751,0.0,0.0,4.864431109327923,0.0,0.0,1973396.7933228097,0.0,0.0,7.6524445799870495,0.0
229.0,6843977.325258179,0.0,24519.968113556843,0.0,0.0,131565.80254589627,0.0,0.0,53.30789869995868,0.0,0.0,4.798981680582264,0.0,0.0,1999871.0432871378,0.0,0.0,7.753915021264667,0.0
230.0,6820086.139160997,0.0,24100.243722675772,0.0,0.0,129758.43755022161,0.0,0.0,52.57558963302131,0.0,0.0,4.731376436591084,0.0,0.0,2025990.018612109,0.0,0.0,7.853988116798768,0.0
231.0,6796624.767863053,0.0,23673.84092816142,0.0,0.0,127894.91626821707,0.0,0.0,51.820527133465895,0.0,0.0,4.661783703870052,0.0,0.0,2051742.0400095663,0.0,0.0,7.952620359791434,0.0
232.0,6773598.532787855,0.0,23241.663566985946,0.0,0.0,125979.78267534167,0.0,0.0,51.04455233157699,0.0,0.0,4.590371641082754,0.0,0.0,2077116.3362742725,0.0,0.0,8.049771777797226,0.0
233.0,6751011.883523585,0.0,22804.593984157622,0.0,0.0,124017.56686401938,0.0,0.0,50.24950073250409,0.0,0.0,4.517307540293573,0.0,0.0,2102103.043414246,0.0,0.0,8.145405921800958,0.0
234.0,6728868.423176699,0.0,22363.490473871385,0.0,0.0,122012.7668650982,0.0,0.0,49.43719485067063,0.0,0.0,4.442757168518534,0.0,0.0,2126693.200042687,0.0,0.0,8.239489841039232,0.0
235.0,6707170.935843789,0.0,21919.18501421982,0.0,0.0,119969.8315806778,0.0,0.0,48.60943729448915,0.0,0.0,4.3668841522751665,0.0,0.0,2150878.7392460513,0.0,0.0,8.331994044441373,0.0
236.0,6685921.41591332,0.0,21472.481292151006,0.0,0.0,117893.14489166242,0.0,0.0,47.76800432705094,0.0,0.0,4.289849407226569,0.0,0.0,2174652.477156916,0.0,0.0,8.4228924496158,0.0
237.0,6665121.098915323,0.0,21024.153012781862,0.0,0.0,115787.01098769862,0.0,0.0,46.914639922103184,0.0,0.0,4.211810614429768,0.0,0.0,2198008.098471591,0.0,0.0,8.512162320345638,0.0
238.0,6644770.49364686,0.0,20574.942484897572,0.0,0.0,113655.64095209188,0.0,0.0,46.05105032851842,0.0,0.0,4.132921744141444,0.0,0.0,2220940.1391601353,0.0,0.0,8.599784193583185,0.0
239.0,6624869.415312226,0.0,20125.55947250498,0.0,0.0,111503.14062005155,0.0,0.0,45.17889915069239,0.0,0.0,4.0533326276102954,0.0,0.0,2243443.966621884,0.0,0.0,8.685741796947301,0.0
240.0,6605417.019429159,0.0,19676.680300649074,0.0,0.0,109333.49971531404,0.0,0.0,44.299802946914824,0.0,0.0,3.9731885768000272,0.0,0.0,2265515.757541633,0.0,0.0,8.770021957731817,0.0
241.0,6586411.836266624,0.0,19228.947202337687,0.0,0.0,107150.58225792533,0.0,0.0,43.415327342790796,0.0,0.0,3.892630051542924,0.0,0.0,2287152.473701459,0.0,0.0,8.852614504426812,0.0
242.0,6567851.805594191,0.0,18782.967892347824,0.0,0.0,104958.11822484549,0.0,0.0,42.52698365227926,0.0,0.0,3.811792373223732,0.0,0.0,2308351.836000675,0.0,0.0,8.933512161739994,0.0
243.0,6549734.311538735,0.0,18339.31535287776,0.0,0.0,102759.69643505091,0.0,0.0,41.63622599487613,0.0,0.0,3.7308054837393354,0.0,0.0,2329112.2969316742,0.0,0.0,9.012710440083131,0.0
244.0,6532056.217359783,0.0,17898.527815458678,0.0,0.0,100558.75862205909,0.0,0.0,40.74444889391598,0.0,0.0,3.6497937481702265,0.0,0.0,2349433.0117528006,0.0,0.0,9.090207520457792,0.0
245.0,6514813.899971271,0.0,17461.108923215485,0.0,0.0,98358.59464920929,0.0,0.0,39.85298533789764,0.0,0.0,3.568875799336745,0.0,0.0,2369313.8085913006,0.0,0.0,9.166004135640247,0.0
246.0,6498003.2840532595,0.0,17027.52805745327,0.0,0.0,96162.33881665021,0.0,0.0,38.96310528414723,0.0,0.0,3.4881644221939947,0.0,0.0,2388755.1576997577,0.0,0.0,9.240103448523385,0.0
247.0,6481619.875613231,0.0,16598.220812622738,0.0,0.0,93972.96720372431,0.0,0.0,38.07601458200441,0.0,0.0,3.407766475843299,0.0,0.0,2407758.14007872,0.0,0.0,9.312510928429809,0.0
248.0,6465658.794872215,0.0,16173.589603953507,0.0,0.0,91793.29598629802,0.0,0.0,37.1928542910371,0.0,0.0,3.327782850802833,0.0,0.0,2426324.41566645,0.0,0.0,9.383234226161075,0.0
249.0,6450114.808366058,0.0,15754.004392430095,0.0,0.0,89625.98066545995,0.0,0.0,36.31470036852533,0.0,0.0,3.2483084590829523,0.0,0.0,2444456.191284466,0.0,0.0,9.452283048498124,0.0
250.0,6434982.360166774,0.0,15339.803512282846,0.0,0.0,87473.51614187098,0.0,0.0,35.442563699585946,0.0,0.0,3.1694322545501423,0.0,0.0,2462156.1885143663,0.0,0.0,9.519669032815312,0.0
251.0,6420255.602142914,0.0,14931.294586772048,0.0,0.0,85338.23756878782,0.0,0.0,34.577390442801274,0.0,0.0,3.0912372810343065,0.0,0.0,2479427.6116684643,0.0,0.0,9.585405622417978,0.0
252.0,6405928.423190855,0.0,14528.755518722244,0.0,0.0,83222.32191634206,0.0,0.0,33.720062664035375,0.0,0.0,3.0138007456341303,0.0,0.0,2496274.1160030128,0.0,0.0,9.649507943158524,0.0
253.0,6391994.477381705,0.0,14132.435543010377,0.0,0.0,81127.79017994048,0.0,0.0,32.871399231233354,0.0,0.0,2.937194114701239,0.0,0.0,2512699.77630961,0.0,0.0,9.71199268183434,0.0
254.0,6378447.21097982,0.0,13742.55632899896,0.0,0.0,79056.51016658056,0.0,0.0,32.032156943383335,0.0,0.0,2.8614832300326847,0.0,0.0,2528709.056006752,0.0,0.0,9.772877966817807,0.0
255.0,6365279.8882999215,0.0,13359.313121726193,0.0,0.0,77010.19979437061,0.0,0.0,31.2030318674169,0.0,0.0,2.7867284428697983,0.0,0.0,2544306.7768407003,0.0,0.0,9.832183251317193,0.0
256.0,6352485.616379553,0.0,12982.87591150054,0.0,0.0,74990.43084251403,0.0,0.0,30.38466085763009,0.0,0.0,2.7129847633862854,0.0,0.0,2559498.0892918943,0.0,0.0,9.889929199617587,0.0
257.0,6340057.368452791,0.0,12613.390622385912,0.0,0.0,72998.63309138434,0.0,0.0,29.57762323316098,0.0,0.0,2.640302023447052,0.0,0.0,2574288.4437708836,0.0,0.0,9.94613757660499,0.0
258.0,6327988.006219769,0.0,12250.980310910314,0.0,0.0,71036.09879508366,0.0,0.0,28.7824425901828,0.0,0.0,2.5687250505305514,0.0,0.0,2588683.562675716,0.0,0.0,10.000831140827511,0.0
259.0,6316270.300912919,0.0,11895.746367123562,0.0,0.0,69103.98743169422,0.0,0.0,27.999588726613908,0.0,0.0,2.498293850820682,0.0,0.0,2602689.4133724202,0.0,0.0,10.054033541310215,0.0
260.0,6304896.953168847,0.0,11547.769710963868,0.0,0.0,67203.33067979301,0.0,0.0,27.22947965850414,0.0,0.0,2.4290437996047496,0.0,0.0,2616312.1821480026,0.0,0.0,10.105769218293606,0.0
261.0,6293860.611719855,0.0,11207.111977637,0.0,0.0,65335.03757295146,0.0,0.0,26.472483708537684,0.0,0.0,2.3610058372371685,0.0,0.0,2629558.2491769753,0.0,0.0,10.156063308032152,0.0
262.0,6283153.890924444,0.0,10873.816686458833,0.0,0.0,63499.899787387185,0.0,0.0,25.728921648486352,0.0,0.0,2.2942066690603693,0.0,0.0,2642434.1645321143,0.0,0.0,10.2049415517521,0.0
263.0,6272769.3871605275,0.0,10547.9103883106,0.0,0.0,61698.59702134464,0.0,0.0,24.999068878830233,0.0,0.0,2.228668967804453,0.0,0.0,2654946.6252620346,0.0,0.0,10.252430208836143,0.0
264.0,6262699.6941094,0.0,10229.403787517163,0.0,0.0,59931.70242820823,0.0,0.0,24.283157630148665,0.0,0.0,2.164411577116399,0.0,0.0,2667102.453549959,0.0,0.0,10.298555974272784,0.0
265.0,6252937.41696115,0.0,9918.292834577083,0.0,0.0,58199.68806872003,0.0,0.0,23.58137917225292,0.0,0.0,2.1014497149963516,0.0,0.0,2678908.575961026,0.0,0.0,10.34334590038047,0.0
266.0,6243475.185575373,0.0,9614.559786749734,0.0,0.0,56502.930350991,0.0,0.0,22.89388601837262,0.0,0.0,2.039795176042091,0.0,0.0,2690372.003778634,0.0,0.0,10.386827322793584,0.0
267.0,6234305.666632916,0.0,9318.174234038845,0.0,0.0,54841.715430200624,0.0,0.0,22.22079411300866,0.0,0.0,1.9794565315216106,0.0,0.0,2701499.814424662,0.0,0.0,10.429027790674297,0.0
268.0,6225421.574816475,0.0,9029.09408860108,0.0,0.0,53216.24454297459,0.0,0.0,21.562184993319313,0.0,0.0,1.9204393264081139,0.0,0.0,2712299.133952875,0.0,0.0,10.469975001095333,0.0
269.0,6216815.683058683,0.0,8747.266536058232,0.0,0.0,51626.63925438719,0.0,0.0,20.918107915103047,0.0,0.0,1.8627462726200832,0.0,0.0,2722777.1206001975,0.0,0.0,10.509696737521953,0.0
270.0,6208480.831897592,0.0,8472.628947597597,0.0,0.0,50072.946598342736,0.0,0.0,20.288581935581142,0.0,0.0,1.8063774378115165,0.0,0.0,2732940.9493765123,0.0,0.0,10.548220812306665,0.0
271.0,6200409.937980106,0.0,8205.109752114044,0.0,0.0,48555.14409474291,0.0,0.0,19.673597946255946,0.0,0.0,1.7513304291539062,0.0,0.0,2742797.7976698712,0.0,0.0,10.585575013096436,0.0
272.0,6192596.001753581,0.0,7944.629267975778,0.0,0.0,47073.14462932927,0.0,0.0,19.073120650127958,0.0,0.0,1.697600571641235,0.0,0.0,2752354.8318410623,0.0,0.0,10.621787053042965,0.0
273.0,6185032.114386448,0.0,7691.100494290476,0.0,0.0,45626.80118441221,0.0,0.0,18.487090478495116,0.0,0.0,1.6451810805325697,0.0,0.0,2761619.194778979,0.0,0.0,10.656884524696238,0.0
274.0,6177711.463958247,0.0,7444.429861807176,0.0,0.0,44215.91141083937,0.0,0.0,17.915425443424926,0.0,0.0,1.5940632276237858,0.0,0.0,2770597.9943858115,0.0,0.0,10.690894857455373,0.0
275.0,6170627.340958528,0.0,7204.5179438170835,0.0,0.0,42840.222033538616,0.0,0.0,17.358022922795175,0.0,0.0,1.544236501110303,0.0,0.0,2779298.292959651,0.0,0.0,10.723845278444033,0.0
276.0,6163773.143134373,0.0,6971.26012761364,0.0,0.0,41499.43308478239,0.0,0.0,16.814761375529496,0.0,0.0,1.4956887588669217,0.0,0.0,2787727.097440563,0.0,0.0,10.755762776674304,0.0
277.0,6157142.379724245,0.0,6744.547247242772,0.0,0.0,40193.20196096825,0.0,0.0,16.285501985326455,0.0,0.0,1.448406375028955,0.0,0.0,2795891.350485367,0.0,0.0,10.786674070359403,0.0
278.0,6150728.675116127,0.0,6524.266178417168,0.0,0.0,38921.147300204815,0.0,0.0,15.77009023178109,0.0,0.0,1.4023743798111312,0.0,0.0,2803797.9223353183,0.0,0.0,10.816605577233569,0.0
279.0,6144525.771965981,0.0,6310.300396590537,0.0,0.0,37682.85267933152,0.0,0.0,15.26835738834569,0.0,0.0,1.3575765925474612,0.0,0.0,2811453.603440982,0.0,0.0,10.845583387737083,0.0
280.0,6138527.533811853,0.0,6102.530499286227,0.0,0.0,36477.87013020266,0.0,0.0,14.780121947059413,0.0,0.0,1.3139957479766928,0.0,0.0,2818865.097807984,0.0,0.0,10.873633240924292,0.0
281.0,6132727.947217545,0.0,5900.834693854794,0.0,0.0,35305.72347612362,0.0,0.0,14.305190970407299,0.0,0.0,1.2716136158344227,0.0,0.0,2826039.017027666,0.0,0.0,10.900780502953165,0.0
282.0,6127121.1234786585,0.0,5705.089251897263,0.0,0.0,34165.911490263774,0.0,0.0,13.843361371047534,0.0,0.0,1.2304111138447906,0.0,0.0,2832981.8749568155,0.0,0.0,10.927050148016924,0.0
283.0,6121701.299922452,0.0,5515.168931637726,0.0,0.0,33057.91087868238,0.0,0.0,13.394421120475421,0.0,0.0,1.190368414232106,0.0,0.0,2839700.0830112156,0.0,0.0,10.952466741580338,0.0
284.0,6116462.840831372,0.0,5330.947369560775,0.0,0.0,31981.179091305316,0.0,0.0,12.95815038797643,0.0,0.0,1.1514650438962224,0.0,0.0,2846199.9460381726,0.0,0.0,10.977054425785818,0.0
285.0,6111400.238019243,0.0,5152.297442649674,0.0,0.0,30935.156964789832,0.0,0.0,12.534322611463235,0.0,0.0,1.113679978415171,0.0,0.0,2852487.6587340976,0.0,0.0,11.00083690689842,0.0
286.0,6106508.111087374,0.0,4979.091602570157,0.0,0.0,29919.27120171409,0.0,0.0,12.122705501995299,0.0,0.0,1.0769917300549934,0.0,0.0,2858569.3025739207,0.0,0.0,11.023837444661517,0.0
287.0,6101781.207386703,0.0,4811.202183143607,0.0,0.0,28932.9366909467,0.0,0.0,11.72306198394722,0.0,0.0,1.0413784299798547,0.0,0.0,2864450.843220192,0.0,0.0,11.046078843439629,0.0
288.0,6097214.401710517,0.0,4648.501682444603,0.0,0.0,27975.55867438356,0.0,0.0,11.335151072928296,0.0,0.0,1.006817904866053,0.0,0.0,2870138.1283804667,0.0,0.0,11.06758344502852,0.0
289.0,6092802.695741315,0.0,4490.86302084164,0.0,0.0,27046.534765503748,0.0,0.0,10.958728693662007,0.0,0.0,0.9732877481313233,0.0,0.0,2875636.8860830064,0.0,0.0,11.088373123017309,0.0
290.0,6088541.217273919,0.0,4338.159776276636,0.0,0.0,26145.25682539247,0.0,0.0,10.593548440113997,0.0,0.0,0.9407653859965609,0.0,0.0,2880952.7233415395,0.0,0.0,11.108469278591848,0.0
291.0,6084425.219235525,0.0,4190.266398052409,0.0,0.0,25271.11270201952,0.0,0.0,10.239362280213706,0.0,0.0,0.9092281386005912,0.0,0.0,2886091.1251813835,0.0,0.0,11.127892837673151,0.0
292.0,6080450.078522548,0.0,4047.0584003638014,0.0,0.0,24423.48783864539,0.0,0.0,9.895921207549307,0.0,0.0,0.8786532763904754,0.0,0.0,2891057.4539999515,0.0,0.0,11.146664249289266,0.0
293.0,6076611.294672559,0.0,3908.4125367740403,0.0,0.0,23601.76675727092,0.0,0.0,9.56297584243249,0.0,0.0,0.8490180720099554,0.0,0.0,2895856.9492362416,0.0,0.0,11.164803485083603,0.0
294.0,6072904.488388643,0.0,3774.2069567985964,0.0,0.0,22805.33442304205,0.0,0.0,9.240276984728672,0.0,0.0,0.8202998479075653,0.0,0.0,2900494.727324876,0.0,0.0,11.182330039867933,0.0
295.0,6069325.399932525,0.0,3644.3213457187753,0.0,0.0,22033.57749548742,0.0,0.0,8.927576120834198,0.0,0.0,0.792476019883453,0.0,0.0,2904975.7819114286,0.0,0.0,11.199262933131797,0.0
296.0,6065869.887401301,0.0,3518.637048705004,0.0,0.0,21285.885472398757,0.0,0.0,8.6246258871542,0.0,0.0,0.7655241367905774,0.0,0.0,2909304.9843070926,0.0,0.0,11.21562071142602,0.0
297.0,6062533.924902316,0.0,3397.0371802864574,0.0,0.0,20561.65173206877,0.0,0.0,8.331180492397168,0.0,0.0,0.7394219166017091,0.0,0.0,2913487.084161697,0.0,0.0,11.231421451541205,0.0
298.0,6059313.6006390015,0.0,3279.4067201599355,0.0,0.0,19860.274479487114,0.0,0.0,8.046996100955235,0.0,0.0,0.7141472790484944,0.0,0.0,2917526.7103354265,0.0,0.0,11.246682764407625,0.0
299.0,6056205.1149200965,0.0,3165.6325962862343,0.0,0.0,19181.15760195746,0.0,0.0,7.77183117958326,0.0,0.0,0.6896783750333761,0.0,0.0,2921428.371950525,0.0,0.0,11.261421799645893,0.0
300.0,6053204.778103519,0.0,3055.603756178514,0.0,0.0,18523.711439449555,0.0,0.0,7.505446809530695,0.0,0.0,0.6659936130088666,0.0,0.0,2925196.4596054098,0.0,0.0,11.27565525070357,0.0
301.0,6050309.008485461,0.0,2949.2112272427553,0.0,0.0,17887.3534748353,0.0,0.0,7.24760696621175,0.0,0.0,0.6430716825123055,0.0,0.0,2928835.246734688,0.0,0.0,11.28939936051537,0.0
302.0,6047514.33014441,0.0,2846.348166987398,0.0,0.0,17271.508948985702,0.0,0.0,6.9980787684305605,0.0,0.0,0.620891575037293,0.0,0.0,2932348.891099562,0.0,0.0,11.302669927629367,0.0
303.0,6044817.370749049,0.0,2746.9099038763957,0.0,0.0,16675.611405522333,0.0,0.0,6.756632699104015,0.0,0.0,0.5994326024160366,0.0,0.0,2935741.4363941518,0.0,0.0,11.315482312745186,0.0
304.0,6042214.859338263,0.0,2650.7939695582436,0.0,0.0,16099.103169833701,0.0,0.0,6.5230427993497715,0.0,0.0,0.5786744128796731,0.0,0.0,2939016.813953907,0.0,0.0,11.327851445613273,0.0
305.0,6039703.624080869,0.0,2557.90012316305,0.0,0.0,15541.435766773287,0.0,0.0,6.297086837729405,0.0,0.0,0.5585970049563515,0.0,0.0,2942178.844553742,0.0,0.0,11.339791832248974,0.0
306.0,6037280.590022073,0.0,2468.130368320063,0.0,0.0,15002.070281267568,0.0,0.0,6.078546456359669,0.0,0.0,0.5391807393596453,0.0,0.0,2945231.2402838105,0.0,0.0,11.35131756241669,0.0
307.0,6034942.7768228995,0.0,2381.3889635101054,0.0,0.0,14480.477665867347,0.0,0.0,5.867207295526426,0.0,0.0,0.5204063490125926,0.0,0.0,2948177.6064919904,0.0,0.0,11.362442317344144,0.0
308.0,6032687.296498453,0.0,2297.5824263303125,0.0,0.0,13976.138999086224,0.0,0.0,5.66285909835823,0.0,0.0,0.5022549473455244,0.0,0.0,2951021.4437829233,0.0,0.0,11.373179377628594,0.0
309.0,6030511.351160336,0.0,2216.6195322132994,0.0,0.0,13488.54569817925,0.0,0.0,5.465295797040169,0.0,0.0,0.4847080349987632,0.0,0.0,2953766.150064017,0.0,0.0,11.383541631300695,0.0
310.0,6028412.230767788,0.0,2138.4113081087307,0.0,0.0,13017.199689829326,0.0,0.0,5.27431558197264,0.0,0.0,0.4677475050543912,0.0,0.0,2956415.022629796,0.0,0.0,11.393541582013047,0.0
311.0,6026387.310892235,0.0,2062.8710216028185,0.0,0.0,12561.61354202493,0.0,0.0,5.089720955205646,0.0,0.0,0.45135564691447033,0.0,0.0,2958971.26027638,0.0,0.0,11.40319135732457,0.0
312.0,6024434.050498697,0.0,1989.9141659199897,0.0,0.0,12121.310560234853,0.0,0.0,4.911318769406885,0.0,0.0,0.43551514893658655,0.0,0.0,2961437.965438715,0.0,0.0,11.412502717052783,0.0
313.0,6022549.989748013,0.0,1919.4584412213778,0.0,0.0,11695.824850811154,0.0,0.0,4.738920253551473,0.0,0.0,0.4202090999311598,0.0,0.0,2963818.146343736,0.0,0.0,11.421487061669747,0.0
314.0,6020732.747822601,0.0,1851.423732586539,0.0,0.0,11284.701354383653,0.0,0.0,4.572341026452671,0.0,0.0,0.40542098961883516,0.0,0.0,2966114.719173153,0.0,0.0,11.430155440717783,0.0
315.0,6018980.020778787,0.0,1785.732085037904,0.0,0.0,10887.495851845657,0.0,0.0,4.411401099187188,0.0,0.0,0.3911347081402951,0.0,0.0,2968330.510230155,0.0,0.0,11.438518561225298,0.0
316.0,6017289.579427986,0.0,1722.3076759420585,0.0,0.0,10503.774945373856,0.0,0.0,4.255924867404826,0.0,0.0,0.37733454470513794,0.0,0.0,2970468.258104687,0.0,0.0,11.44658679610269,0.0
317.0,6015659.267249078,0.0,1661.076785097816,0.0,0.0,10133.11601677393,0.0,0.0,4.105741094451005,0.0,0.0,0.3640051854609858,0.0,0.0,2972530.6158327665,0.0,0.0,11.454370192501903,0.0
318.0,6014086.998333726,0.0,1601.967762798272,0.0,0.0,9775.10716529888,0.0,0.0,3.960682886171818,0.0,0.0,0.351131710658714,0.0,0.0,2974520.1530452822,0.0,0.0,11.461878480123369,0.0
319.0,6012570.75536623,0.0,1544.9109961325266,0.0,0.0,9429.34712694791,0.0,0.0,3.820587658215615,0.0,0.0,0.33869959118471016,0.0,0.0,2976439.3581025475,0.0,0.0,11.469121079456919,0.0
320.0,6011108.587639438,0.0,1489.8388737724756,0.0,0.0,9095.445177121293,0.0,0.0,3.685297096590636,0.0,0.0,0.32669468452628386,0.0,0.0,2978290.64021096,0.0,0.0,11.476107109943912,0.0
321.0,6009698.609107797,0.0,1436.6857494709286,0.0,0.0,8773.021018380472,0.0,0.0,3.554657112187567,0.0,0.0,0.31510323023179104,0.0,0.0,2980076.3315187884,0.0,0.0,11.482845398048815,0.0
322.0,6008338.99647854,0.0,1385.3879044795192,0.0,0.0,8461.70465494219,0.0,0.0,3.4285177899270054,0.0,0.0,0.303911844922744,0.0,0.0,2981798.689188089,0.0,0.0,11.489344485231014,0.0
323.0,6007027.987341821,0.0,1335.8835090777877,0.0,0.0,8161.136255421263,0.0,0.0,3.306733333145529,0.0,0.0,0.293107516911057,0.0,0.0,2983459.897440358,0.0,0.0,11.49561263580758,0.0
324.0,6005763.8783404,0.0,1288.1125833892443,0.0,0.0,7870.9660052286545,0.0,0.0,3.1891620037902966,0.0,0.0,0.28267760047072804,0.0,0.0,2985062.069573711,0.0,0.0,11.501657844699164,0.0
325.0,6004545.023379297,0.0,1242.0169576452804,0.0,0.0,7590.8539499286135,0.0,0.0,3.0756660589503566,0.0,0.0,0.2726098098095809,0.0,0.0,2986607.2499496145,0.0,0.0,11.507487845052468,0.0
326.0,6003369.831875857,0.0,1197.5402320439923,0.0,0.0,7320.469830761792,0.0,0.0,2.9661116842138484,0.0,0.0,0.26289221278324504,0.0,0.0,2988097.4159475225,0.0,0.0,11.513110115733385,0.0
327.0,6002236.767050431,0.0,1154.6277363380393,0.0,0.0,7059.492913449989,0.0,0.0,2.860368924303027,0.0,0.0,0.25351322439027746,0.0,0.0,2989534.4798859283,0.0,0.0,11.518531888685665,0.0
328.0,6001144.344257596,0.0,1113.2264892736218,0.0,0.0,6807.611811311818,0.0,0.0,2.758311611404171,0.0,0.0,0.2444616000842786,0.0,0.0,2990920.290908653,0.0,0.0,11.523760156151093,0.0
329.0,6000091.129357977,0.0,1073.285157991287,0.0,0.0,6564.524303637258,0.0,0.0,2.6598172915764913,0.0,0.0,0.2357264289359812,0.0,0.0,2992256.636835194,0.0,0.0,11.528801677747536,0.0
330.0,5999075.73713074,0.0,1034.754017488972,0.0,0.0,6329.937150193157,0.0,0.0,2.564767149593372,0.0,0.0,0.2272971266755567,0.0,0.0,2993545.2459745063,0.0,0.0,11.533662987402076,0.0
331.0,5998096.829726287,0.0,997.5849102378043,0.0,0.0,6103.565902659677,0.0,0.0,2.473045932540115,0.0,0.0,0.21916342864287475,0.0,0.0,2994787.788901248,0.0,0.0,11.53835040013711,0.0
332.0,5997153.11515896,0.0,961.7312060321034,0.0,0.0,5885.134713730919,0.0,0.0,2.3845418724651934,0.0,0.0,0.21131538267106442,0.0,0.0,2995985.8801942067,0.0,0.0,11.542870018707546,0.0
333.0,5996243.345839526,0.0,927.147762146794,0.0,0.0,5674.376144549647,0.0,0.0,2.2991466083566188,0.0,0.0,0.20374334192650778,0.0,0.0,2997141.080136296,0.0,0.0,11.547227740088209,0.0
334.0,5995366.317146914,0.0,893.790883867465,0.0,0.0,5471.030971087785,0.0,0.0,2.216755107691018,0.0,0.0,0.19643795772631886,0.0,0.0,2998254.8963760072,0.0,0.0,11.551429261810311,0.0
335.0,5994520.866038823,0.0,861.6182854511693,0.0,0.0,5274.847990028537,0.0,0.0,2.1372655877809086,0.0,0.0,0.18939017235243286,0.0,0.0,2999328.7855500598,0.0,0.0,11.555480088147473,0.0
336.0,5993705.869700525,0.0,830.5890515694069,0.0,0.0,5085.583824655627,0.0,0.0,2.0605794371247668,0.0,0.0,0.1825912118796107,0.0,0.0,3000364.1548672966,0.0,0.0,11.559385536150593,0.0
337.0,5992920.244231554,0.0,800.6635992785519,0.0,0.0,4903.002731206739,0.0,0.0,1.986601136945234,0.0,0.0,0.17603257903300637,0.0,0.0,3001362.3636537506,0.0,0.0,11.563150741532489,0.0
338.0,5992162.943369556,0.0,771.8036405572998,0.0,0.0,4726.8764061038455,0.0,0.0,1.9152381830826155,0.0,0.0,0.1697060460893598,0.0,0.0,3002324.7248591348,0.0,0.0,11.566780664403105,0.0
339.0,5991432.957250723,0.0,743.9721454454863,0.0,0.0,4556.9837944320325,0.0,0.0,1.8464010083942117,0.0,0.0,0.16360364783445122,0.0,0.0,3003252.5065248837,0.0,0.0,11.570280094856013,0.0
340.0,5990729.3112060875,0.0,717.1333058138264,0.0,0.0,4393.1108999995895,0.0,0.0,1.7800029057943683,0.0,0.0,0.15771767458808825,0.0,0.0,3004146.9332141024,0.0,0.0,11.573653658407856,0.0
341.0,5990051.0645930255,0.0,691.2524997896476,0.0,0.0,4235.050597276742,0.0,0.0,1.7159599520557265,0.0,0.0,0.15204066530666016,0.0,0.0,3005009.1874037115,0.0,0.0,11.576905821292105,0.0
342.0,5989397.309661509,0.0,666.2962568597121,0.0,0.0,4082.602445477388,0.0,0.0,1.654190932478765,0.0,0.0,0.14656540077214486,0.0,0.0,3005840.4108391837,0.0,0.0,11.580040895608727,0.0
343.0,5988767.170453938,0.0,642.2322236674539,0.0,0.0,3935.572505017494,0.0,0.0,1.5946172665243235,0.0,0.0,0.14128489687537923,0.0,0.0,3006641.7058524177,0.0,0.0,11.583063044331954,0.0
344.0,5988159.801738471,0.0,619.0291305185738,0.0,0.0,3793.7731565557237,0.0,0.0,1.5371629344923838,0.0,0.0,0.13619239800042593,0.0,0.0,3007414.1366430977,0.0,0.0,11.58597628617806,0.0
345.0,5987574.3879743405,0.0,596.6567586058308,0.0,0.0,3657.022922795731,0.0,0.0,1.481754405319843,0.0,0.0,0.13128137051596642,0.0,0.0,3008158.7305242377,0.0,0.0,11.588784500335109,0.0
346.0,5987010.142309277,0.0,575.0859079610717,0.0,0.0,3525.146293205583,0.0,0.0,1.428320565560221,0.0,0.0,0.12654549637880705,0.0,0.0,3008876.4791323133,0.0,0.0,11.591491431057431,0.0
347.0,5986466.305607598,0.0,554.2883661399267,0.0,0.0,3397.9735517875456,0.0,0.0,1.3767926495993583,0.0,0.0,0.12197866685382526,0.0,0.0,3009568.339602734,0.0,0.0,11.5941006921269,0.0
348.0,5985942.145508542,0.0,534.2368776423127,0.0,0.0,3275.340608011395,0.0,0.0,1.327104171152872,0.0,0.0,0.11757497635398154,0.0,0.0,3010235.235711148,0.0,0.0,11.59661577118349,0.0
349.0,5985436.955514292,0.0,514.9051140697491,0.0,0.0,3157.0888310054966,0.0,0.0,1.27919085608362,0.0,0.0,0.11332871640336936,0.0,0.0,3010878.0589812943,0.0,0.0,11.599040033927984,0.0
350.0,5984950.054106451,0.0,496.26764501860924,0.0,0.0,3043.0648870830278,0.0,0.0,1.2329905765704947,0.0,0.0,0.1092343697256965,0.0,0.0,3011497.6697600423,0.0,0.0,11.601376728198964,0.0
351.0,5984480.783890691,0.0,478.2999097067084,0.0,0.0,2933.120580664998,0.0,0.0,1.1884432866535337,0.0,0.0,0.10528660446004233,0.0,0.0,3012094.8982603378,0.0,0.0,11.603628987927088,0.0
352.0,5984028.510768646,0.0,460.97818932906705,0.0,0.0,2827.1126986475065,0.0,0.0,1.1454909591745581,0.0,0.0,0.10148026850525499,0.0,0.0,3012670.5455725994,0.0,0.0,11.60579983696938,0.0
353.0,5983592.623136372,0.0,444.2795801373691,0.0,0.0,2724.9028582476067,0.0,0.0,1.1040775241272809,0.0,0.0,0.09781038399389991,0.0,0.0,3013225.3846454234,0.0,0.0,11.607892192825819,0.0
354.0,5983172.531108638,0.0,428.1819672363514,0.0,0.0,2626.357358350455,0.0,0.0,1.0641488084260873,0.0,0.0,0.09427214189626658,0.0,0.0,3013760.1612362317,0.0,0.0,11.609908870241629,0.0
355.0,5982767.66576834,0.0,412.6639990893127,0.0,0.0,2531.3470343696217,0.0,0.0,1.025652477098244,0.0,0.0,0.09086089675457987,0.0,0.0,3014275.5948325135,0.0,0.0,11.611852584697235,0.0
356.0,5982377.478440422,0.0,397.7050627239526,0.0,0.0,2439.7471166226846,0.0,0.0,0.9885379759004527,0.0,0.0,0.08757216154722157,0.0,0.0,3014772.3795444034,0.0,0.0,11.613725955789292,0.0
357.0,5982001.439989478,0.0,383.2852596289014,0.0,0.0,2351.437092215643,0.0,0.0,0.9527564753571076,0.0,0.0,0.08440160268247883,0.0,0.0,3015251.1849693605,0.0,0.0,11.615531510504933,0.0
358.0,5981639.040140459,0.0,369.3853823305932,0.0,0.0,2266.3005704216002,0.0,0.0,0.9182608162143717,0.0,0.0,0.08134503512106274,0.0,0.0,3015712.657029516,0.0,0.0,11.617271686392712,0.0
359.0,5981289.786821845,0.0,355.9868916394808,0.0,0.0,2184.225151532239,0.0,0.0,0.8850054563013419,0.0,0.0,0.07839841762640608,0.0,0.0,3016157.41878254,0.0,0.0,11.618948834631873,0.0
360.0,5980953.2055305205,0.0,343.0718945540371,0.0,0.0,2105.1022991542163,0.0,0.0,0.8529464187870273,0.0,0.0,0.07555784814152719,0.0,0.0,3016586.071206531,0.0,0.0,11.620565223003549,0.0
361.0,5980628.8387178555,0.0,330.6231228105505,0.0,0.0,2028.827215916915,0.0,0.0,0.8220412418195823,0.0,0.0,0.07281955929106956,0.0,0.0,3016999.193959831,0.0,0.0,11.622123038766253,0.0
362.0,5980316.245196145,0.0,318.62391206631986,0.0,0.0,1955.2987225532343,0.0,0.0,0.7922489295321676,0.0,0.0,0.07017991400694991,0.0,0.0,3017397.3461162574,0.0,0.0,11.623624391437978,0.0
363.0,5980014.999565106,0.0,307.05818170353,0.0,0.0,1884.419140310269,0.0,0.0,0.7635299043980687,0.0,0.0,0.0676354012759052,0.0,0.0,3017781.0668765213,0.0,0.0,11.62507131548796,0.0
364.0,5979724.691657524,0.0,295.9104152408717,0.0,0.0,1816.094176643341,0.0,0.0,0.7358459609161389,0.0,0.0,0.06518263200710077,0.0,0.0,3018150.876256503,0.0,0.0,11.6264657729401,0.0
365.0,5979444.926003659,0.0,285.16564133972565,0.0,0.0,1750.2328141430803,0.0,0.0,0.7091602206062251,0.0,0.0,0.06281833501785013,0.0,0.0,3018507.2757529193,0.0,0.0,11.627809655891129,0.0
